ZIP code,City,Price
32615,Alachua,1280
32616,Alachua,1280
32816,Alafaya,790
32820,Alafaya,790
32825,Alafaya,790
32826,Alafaya,790
32828,Alafaya,790
32831,Alafaya,790
32833,Alafaya,790
32834,Alafaya,790
32878,Alafaya,790
32123,Allandale,885
32346,Alligator Point,1875
32792,Aloma,800
32701,Altamonte Springs,890
32714,Altamonte Springs,890
32715,Altamonte Springs,890
32716,Altamonte Springs,890
32702,Altoona,1080
33820,Alturas,800
33920,Alva,610
32034,Amelia City,1320
32034,Amelia Island,1320
32035,Amelia Village,1320
34216,Anna Maria,850
32617,Anthony,1070
33572,Apollo Beach,790
32703,Apopka,885
32704,Apopka,885
32712,Apopka,885
34265,Arcadia,675
34266,Arcadia,675
34269,Arcadia,675
32618,Archer,1150
34679,Aripeka,1000
34705,Astatula,940
32102,Astor,950
32233,Atlantic Bch,1285
32224,Atlantic Beach,1285
32233,Atlantic Beach,1285
33462,Atlantis,290
33823,Auburndale,860
34142,Ave Maria,535
34143,Ave Maria,535
33160,Aventura,200
33180,Aventura,200
33280,Aventura,200
33825,Avon Park,700
33826,Avon Park,700
32807,Azalea Park,795
33827,Babson Park,700
33154,Bal Harbour,195
32234,Baldwin,1280
33503,Balm,840
32105,Barberville,950
32976,Barefoot Bay,665
34134,Barefoot Beach,640
33830,Bartow,800
33831,Bartow,800
34972,Basinger,605
33154,Bay Harbor Island,190
33744,Bay Pines,815
34667,Bayonet Point,900
32619,Bell,1280
33430,Belle Glade,385
32809,Belle Isle,790
32812,Belle Isle,790
33756,Belleair,905
33785,Belleair Bch,915
33786,Belleair Bch,915
33785,Belleair Beach,915
33786,Belleair Beach,915
33770,Belleair Bluff,940
33770,Belleair Bluffs,940
33786,Belleair Shores,910
33786,Belleair Shrs,910
34420,Belleview,1025
34421,Belleview,1025
34464,Beverly Hills,1040
34465,Beverly Hills,1040
33043,Big Pine Key,610
33042,Big Torch Key,665
33161,Biscayne Park,190
33181,Biscayne Park,190
33261,Biscayne Park,190
33921,Boca Grande,715
33427,Boca Raton,290
33428,Boca Raton,290
33429,Boca Raton,290
33431,Boca Raton,290
33432,Boca Raton,290
33433,Boca Raton,290
33434,Boca Raton,290
33464,Boca Raton,290
33481,Boca Raton,290
33486,Boca Raton,290
33487,Boca Raton,290
33488,Boca Raton,290
33496,Boca Raton,290
33497,Boca Raton,290
33498,Boca Raton,290
33499,Boca Raton,290
33922,Bokeelia,670
34134,Bonita Beach,640
34133,Bonita Springs,640
34134,Bonita Springs,640
34135,Bonita Springs,640
34136,Bonita Springs,640
32007,Bostwick,1075
33834,Bowling Green,765
33424,Boynton Beach,270
33425,Boynton Beach,270
33426,Boynton Beach,270
33435,Boynton Beach,270
33436,Boynton Beach,270
33437,Boynton Beach,270
33472,Boynton Beach,270
33473,Boynton Beach,270
33474,Boynton Beach,270
34201,Braden River,800
34203,Braden River,800
34204,Braden River,800
34211,Braden River,800
34201,Bradenton,800
34202,Bradenton,800
34203,Bradenton,800
34204,Bradenton,800
34205,Bradenton,800
34206,Bradenton,800
34207,Bradenton,800
34208,Bradenton,800
34209,Bradenton,800
34210,Bradenton,800
34211,Bradenton,800
34212,Bradenton,800
34280,Bradenton,800
34281,Bradenton,800
34282,Bradenton,800
34217,Bradenton Beach,825
34218,Bradenton Beach,825
33835,Bradley,800
33508,Brandon,830
33509,Brandon,830
33510,Brandon,830
33511,Brandon,830
32008,Branford,1335
33231,Brickell,190
33435,Briny Breezes,280
32621,Bronson,1140
32622,Brooker,1285
34601,Brooksville,950
34602,Brooksville,950
34603,Brooksville,950
34604,Brooksville,950
34605,Brooksville,950
34606,Brooksville,950
34607,Brooksville,950
34608,Brooksville,950
34609,Brooksville,950
34610,Brooksville,950
34611,Brooksville,950
34613,Brooksville,950
34614,Brooksville,950
33438,Bryant,490
33439,Bryant,490
32009,Bryceville,1340
34743,Buena Ventura Lakes,800
32110,Bunnell,1030
33513,Bushnell,940
34743,BVL,805
33158,C Gables,190
33234,C Gables,190
32011,Callahan,1340
33438,Canal Point,480
33439,Canal Point,480
32925,Canaveral Air Station,790
32925,Canaveral As,790
32111,Candler,1075
32920,Cape Canaveral,785
33904,Cape Coral,635
33909,Cape Coral,635
33910,Cape Coral,635
33914,Cape Coral,635
33915,Cape Coral,635
33990,Cape Coral,635
33991,Cape Coral,635
33993,Cape Coral,635
33910,Cape Coral South,635
33946,Cape Haze,800
33947,Cape Haze,800
33924,Captiva,670
33239,Carl Fisher,190
33055,Carol City,190
33056,Carol City,190
32322,Carrabelle,1925
33618,Carrollwood,790
33625,Carrollwood,790
33688,Carrollwood,790
32706,Cassadaga,900
32707,Casselberry,820
32708,Casselberry,820
32718,Casselberry,820
32719,Casselberry,820
32730,Casselberry,820
32625,Cedar Key,1085
34747,Celebration,795
33514,Center Hill,905
33896,Champions Gate,790
32626,Chiefland,1135
32644,Chiefland,1135
34138,Chokoloskee,520
32709,Christmas,840
32766,Chuluota,825
32113,Citra,1080
34442,Citrus Hills,1040
32966,Citrus Ridge,660
32968,Citrus Ridge,660
32969,Citrus Ridge,660
34433,Citrus Springs,1040
34434,Citrus Springs,1040
33313,City of Sunrise,200
33619,Clair Mel,800
33619,Clair Mel City,800
32710,Clarcona,815
33755,Clearwater,790
33756,Clearwater,790
33757,Clearwater,790
33758,Clearwater,790
33759,Clearwater,790
33760,Clearwater,790
33761,Clearwater,790
33762,Clearwater,790
33763,Clearwater,790
33764,Clearwater,790
33765,Clearwater,790
33766,Clearwater,790
33767,Clearwater,790
33769,Clearwater,790
33767,Clearwater Beach,815
34711,Clermont,790
34712,Clermont,790
34713,Clermont,790
34714,Clermont,790
34715,Clermont,835
33440,Clewiston,440
33406,Cloud Lake,365
34108,Coco River,650
32922,Cocoa,820
32923,Cocoa,820
32924,Cocoa,820
32926,Cocoa,820
32927,Cocoa,770
32931,Cocoa Beach,815
32932,Cocoa Beach,815
33063,Coconut Creek,245
33066,Coconut Creek,245
33073,Coconut Creek,245
33093,Coconut Creek,245
33097,Coconut Creek,245
33233,Coconut Gr,190
33133,Coconut Grove,190
33134,Coconut Grove,190
33146,Coconut Grove,190
33521,Coleman,955
33001,Conch Key,560
33050,Conch Key,560
33024,Cooper City,200
33026,Cooper City,200
33328,Cooper City,200
33329,Cooper City,200
33330,Cooper City,200
34137,Copeland,520
33114,Coral Gables,190
33124,Coral Gables,190
33133,Coral Gables,190
33134,Coral Gables,190
33143,Coral Gables,190
33144,Coral Gables,190
33145,Coral Gables,190
33146,Coral Gables,190
33156,Coral Gables,190
33158,Coral Gables,190
33234,Coral Gables,190
33065,Coral Springs,265
33067,Coral Springs,265
33071,Coral Springs,245
33073,Coral Springs,270
33075,Coral Springs,270
33076,Coral Springs,245
33077,Coral Springs,280
34215,Cortez,855
32920,Cpe Canaveral,790
32326,Crawfordville,1885
32327,Crawfordville,1885
32112,Crescent City,1050
32628,Cross City,1280
32640,Cross Creek,1090
34681,Crystal Beach,885
34423,Crystal River,1030
34428,Crystal River,1030
34429,Crystal River,1030
33524,Crystal Springs,855
33042,Cudjoe Key,660
33157,Cutler Bay,200
33189,Cutler Bay,200
33190,Cutler Bay,200
33157,Cutler Ridge,200
33170,Cutler Ridge,200
33189,Cutler Ridge,200
33190,Cutler Ridge,200
33884,Cypress Gardens,790
33523,Dade City,895
33525,Dade City,895
33526,Dade City,895
33004,Dania,200
33004,Dania Beach,200
33312,Dania Beach,200
33314,Dania Beach,200
33836,Davenport,790
33837,Davenport,790
33896,Davenport,790
33897,Davenport,790
33024,Davie,200
33312,Davie,200
33314,Davie,200
33317,Davie,200
33324,Davie,200
33325,Davie,200
33326,Davie,200
33328,Davie,200
33329,Davie,200
33330,Davie,200
33331,Davie,200
33332,Davie,200
33355,Davie,200
32013,Day,1385
32114,Daytona Beach,890
32115,Daytona Beach,890
32116,Daytona Beach,890
32117,Daytona Beach,890
32118,Daytona Beach,890
32119,Daytona Beach,890
32120,Daytona Beach,890
32121,Daytona Beach,890
32122,Daytona Beach,890
32123,Daytona Beach,890
32124,Daytona Beach,890
32125,Daytona Beach,890
32126,Daytona Beach,890
32198,Daytona Beach,890
32116,Daytona Beach Shores,890
32118,Daytona Beach Shores,890
32130,De Leon Springs,915
32713,Debary,840
32753,Debary,840
32778,Deer Island,905
33441,Deerfield Bch,270
33442,Deerfield Bch,270
33443,Deerfield Bch,270
33064,Deerfield Beach,270
33069,Deerfield Beach,270
33073,Deerfield Beach,270
33441,Deerfield Beach,270
33442,Deerfield Beach,270
33443,Deerfield Beach,270
32720,Deland,910
32721,Deland,910
32722,Deland,910
32723,Deland,910
32724,Deland,890
33444,Delray Beach,285
33445,Delray Beach,285
33446,Delray Beach,285
33448,Delray Beach,285
33482,Delray Beach,285
33483,Delray Beach,285
33484,Delray Beach,285
32725,Deltona,865
32728,Deltona,865
32738,Deltona,865
32739,Deltona,865
32219,Dinsmore,1340
32030,Doctors Inlet,1300
32784,Dona Vista,905
33122,Doral,190
33126,Doral,190
33166,Doral,190
33172,Doral,190
33178,Doral,190
33182,Doral,190
33527,Dover,820
32060,Dowling Park,1340
32064,Dowling Park,1380
33050,Duck Key,565
34219,Duette,765
33838,Dundee,765
34697,Dunedin,890
34698,Dunedin,890
34430,Dunnellon,1030
34431,Dunnellon,1030
34432,Dunnellon,1030
34433,Dunnellon,1030
34434,Dunnellon,1030
33530,Durant,805
33839,Eagle Lake,775
32631,Earleton,1135
32131,East Palatka,1080
33040,East Rockland Key,650
33040,East Rockland Ky,650
32133,Eastlake Weir,940
32328,Eastpoint,1875
33840,Eaton Park,800
32751,Eatonville,790
32934,Eau Gallie,690
32936,Eau Gallie,690
32132,Edgewater,840
32141,Edgewater,840
32809,Edgewood,790
32839,Edgewood,790
33927,El Jobean,670
33138,El Portal,190
33150,El Portal,190
34680,Elfers,885
32033,Elkton,1090
34222,Ellenton,840
33880,Eloise,790
34223,Englewood,715
34224,Englewood,715
34295,Englewood,715
34223,Englewood Beach,715
32725,Enterprise,875
33928,Estero,650
33929,Estero,650
32726,Eustis,895
32727,Eustis,895
32736,Eustis,895
34139,Everglades City,515
32633,Evinston,1100
32634,Fairfield,1100
32693,Fanning Springs,1280
32256,FEC,000
33854,Fedhaven,755
33930,Felda,575
32948,Fellsmere,670
32730,Fern Park,875
32034,Fernandina,1345
32035,Fernandina,1345
32034,Fernandina Beach,1345
32035,Fernandina Beach,1345
34729,Ferndale,875
32136,Flagler Beach,1075
32143,Flagler Beach,1075
33034,Flamingo Ldge,290
32003,Fleming Island,1280
32006,Fleming Island,1280
32140,Florahome,1080
34436,Floral City,955
33034,Florida City,290
33035,Florida City,290
33952,Fort Charlotte,550
33935,Fort Denaud,540
33301,Fort Lauderdale,200
33302,Fort Lauderdale,200
33303,Fort Lauderdale,200
33304,Fort Lauderdale,200
33305,Fort Lauderdale,200
33306,Fort Lauderdale,200
33307,Fort Lauderdale,200
33308,Fort Lauderdale,200
33309,Fort Lauderdale,200
33310,Fort Lauderdale,200
33311,Fort Lauderdale,200
33312,Fort Lauderdale,200
33313,Fort Lauderdale,200
33314,Fort Lauderdale,200
33315,Fort Lauderdale,200
33316,Fort Lauderdale,200
33317,Fort Lauderdale,200
33318,Fort Lauderdale,200
33319,Fort Lauderdale,200
33320,Fort Lauderdale,200
33321,Fort Lauderdale,200
33322,Fort Lauderdale,200
33323,Fort Lauderdale,200
33324,Fort Lauderdale,200
33325,Fort Lauderdale,200
33326,Fort Lauderdale,200
33327,Fort Lauderdale,200
33328,Fort Lauderdale,200
33329,Fort Lauderdale,200
33330,Fort Lauderdale,200
33331,Fort Lauderdale,200
33332,Fort Lauderdale,200
33334,Fort Lauderdale,200
33335,Fort Lauderdale,200
33336,Fort Lauderdale,200
33337,Fort Lauderdale,200
33338,Fort Lauderdale,200
33339,Fort Lauderdale,200
33340,Fort Lauderdale,200
33345,Fort Lauderdale,200
33346,Fort Lauderdale,200
33348,Fort Lauderdale,200
33349,Fort Lauderdale,200
33351,Fort Lauderdale,200
33355,Fort Lauderdale,200
33359,Fort Lauderdale,200
33388,Fort Lauderdale,200
33394,Fort Lauderdale,200
32134,Fort Mc Coy,1045
33841,Fort Meade,780
33900,Fort Myers,640
33901,Fort Myers,640
33902,Fort Myers,640
33903,Fort Myers,640
33905,Fort Myers,640
33906,Fort Myers,640
33907,Fort Myers,640
33908,Fort Myers,640
33911,Fort Myers,640
33912,Fort Myers,640
33913,Fort Myers,640
33916,Fort Myers,640
33917,Fort Myers,640
33918,Fort Myers,640
33919,Fort Myers,640
33965,Fort Myers,640
33966,Fort Myers,640
33967,Fort Myers,640
33990,Fort Myers,640
33993,Fort Myers,640
33994,Fort Myers,640
33931,Fort Myers Bch,640
33932,Fort Myers Bch,640
33931,Fort Myers Beach,640
33932,Fort Myers Beach,640
34267,Fort Ogden,675
34945,Fort Pierce,590
34946,Fort Pierce,640
34947,Fort Pierce,640
34948,Fort Pierce,640
34949,Fort Pierce,640
34950,Fort Pierce,590
34951,Fort Pierce,590
34952,Fort Pierce,640
34953,Fort Pierce,640
34954,Fort Pierce,640
34979,Fort Pierce,640
34981,Fort Pierce,590
34982,Fort Pierce,645
34983,Fort Pierce,645
34984,Fort Pierce,640
34985,Fort Pierce,640
34986,Fort Pierce,590
34987,Fort Pierce,590
34988,Fort Pierce,640
32038,Fort White,1285
33843,Frostproof,770
32259,Fruit Cove,1285
34731,Fruitland Park,940
32601,Gainesville,1090
32602,Gainesville,1090
32603,Gainesville,1090
32604,Gainesville,1090
32605,Gainesville,1090
32606,Gainesville,1090
32607,Gainesville,1090
32608,Gainesville,1090
32609,Gainesville,1090
32610,Gainesville,1090
32611,Gainesville,1090
32612,Gainesville,1090
32613,Gainesville,1090
32614,Gainesville,1090
32627,Gainesville,1090
32635,Gainesville,1090
32641,Gainesville,1090
32653,Gainesville,1090
32732,Geneva,815
32139,Georgetown,1040
33534,Gibsonton,790
33406,Glen Ridge,365
32040,Glen Saint Mary,1340
32720,Glenwood,935
32722,Glenwood,935
33160,Golden Beach,190
34140,Goodland,500
34734,Gotha,790
33170,Goulds,200
32042,Graham,1280
32735,Grand Island,945
32138,Grandin,1135
32909,Grant,665
32949,Grant,665
32950,Grant,665
32909,Grant Valkaria,665
32949,Grant Valkaria,665
32950,Grant Valkaria,685
33050,Grassy Key,565
33413,Green Acres,370
33415,Green Acres,370
33454,Green Acres,370
33463,Green Acres,370
33467,Green Acres,370
32043,Green Cove Springs,1280
32331,Greenville,1885
34224,Grove City,715
34736,Groveland,825
34737,Groveland,825
32639,Gulf Hammock,1080
33483,Gulf Stream,290
33707,Gulfport,840
33711,Gulfport,780
33844,Haines City,800
33845,Haines City,800
34788,Haines Creek,885
33008,Hallandale,200
33009,Hallandale,200
33009,Hallandale Beach,200
32044,Hampton,1285
34771,Harmony,740
34773,Harmony,715
32145,Hastings,1075
33409,Haverhill,365
33415,Haverhill,365
33417,Haverhill,365
33422,Haverhill,365
32640,Hawthorne,1075
32746,Heathrow,740
34442,Hernando,1025
34607,Hernando Bch,975
33002,Hialeah,190
33010,Hialeah,190
33011,Hialeah,190
33012,Hialeah,190
33013,Hialeah,190
33014,Hialeah,190
33015,Hialeah,190
33016,Hialeah,190
33017,Hialeah,190
33018,Hialeah,190
33010,Hialeah Gardens,190
33016,Hialeah Gardens,190
33018,Hialeah Gardens,190
33016,Hialeah Gdns,190
33018,Hialeah Gdns,190
33014,Hialeah Lakes,190
33015,Hialeah Lakes,190
32818,Hiawassee,785
32643,High Springs,1290
32655,High Springs,1290
33487,Highland Beach,285
33846,Highland City,795
32046,Hilliard,1335
33062,Hillsboro Bch,550
33455,Hobe Sound,510
33475,Hobe Sound,510
34445,Holder,1040
34690,Holiday,865
34691,Holiday,865
34692,Holiday,865
32147,Hollister,1090
32117,Holly Hill,875
32125,Holly Hill,875
33019,Hollywood,200
33020,Hollywood,200
33021,Hollywood,200
33022,Hollywood,200
33023,Hollywood,200
33024,Hollywood,200
33025,Hollywood,200
33026,Hollywood,200
33027,Hollywood,200
33028,Hollywood,200
33029,Hollywood,200
33081,Hollywood,200
33082,Hollywood,200
33083,Hollywood,200
33084,Hollywood,200
33312,Hollywood,200
33314,Hollywood,200
33316,Hollywood,200
33332,Hollywood,200
34217,Holmes Beach,840
34218,Holmes Beach,840
33729,Home Shopping,800
33847,Homeland,795
33030,Homestead,200
33031,Homestead,200
33032,Homestead,200
33033,Homestead,200
33034,Homestead,285
33035,Homestead,285
33039,Homestead,200
33090,Homestead,200
33092,Homestead,200
33039,Homestead AFB,200
34446,Homosassa,1085
34448,Homosassa,1085
34487,Homosassa,1085
34447,Homosassa Springs,1085
32648,Horseshoe Beach,1285
34737,Howey In Hls,940
34797,Howey In Hls,940
34737,Howey in the Hills,940
34797,Howey in the Hills,940
34667,Hudson,900
34669,Hudson,900
34674,Hudson,900
34949,Hutchinson Island,655
33462,Hypoluxo,290
34142,Immokalee,540
34143,Immokalee,540
33154,Ind Crk Village,190
32937,Ind Hbr Bch,725
32903,Indialantic,665
33154,Indian Creek,190
33154,Indian Creek Village,190
32937,Indian Harbour Beach,690
33855,Indian Lake Estates,740
32963,Indian River Shores,685
33785,Indian Rk Bch,910
33786,Indian Rk Bch,910
34956,Indiantown,490
32937,Indn Hbr Bch,685
32963,Indn Riv Shrs,655
34449,Inglis,1085
33848,Intercession City,815
32148,Interlachen,1085
32149,Interlachen,1085
34450,Inverness,975
34451,Inverness,975
34452,Inverness,975
34453,Inverness,975
33319,Inverrary,975
33036,Islamorada,500
33070,Islamorada,500
32654,Island Grove,1125
34636,Istachatta,1050
32099,Jacksonville,1290
32201,Jacksonville,1290
32202,Jacksonville,1290
32203,Jacksonville,1290
32204,Jacksonville,1290
32205,Jacksonville,1290
32206,Jacksonville,1290
32207,Jacksonville,1290
32208,Jacksonville,1290
32209,Jacksonville,1290
32210,Jacksonville,1290
32211,Jacksonville,1290
32212,Jacksonville,1290
32214,Jacksonville,1290
32215,Jacksonville,1290
32216,Jacksonville,1290
32217,Jacksonville,1290
32218,Jacksonville,1335
32219,Jacksonville,1335
32220,Jacksonville,1290
32221,Jacksonville,1290
32222,Jacksonville,1290
32223,Jacksonville,1290
32224,Jacksonville,1290
32225,Jacksonville,1290
32226,Jacksonville,1335
32227,Jacksonville,1290
32228,Jacksonville,1290
32229,Jacksonville,1290
32230,Jacksonville,1290
32231,Jacksonville,1290
32232,Jacksonville,1290
32233,Jacksonville,1290
32234,Jacksonville,1290
32235,Jacksonville,1290
32236,Jacksonville,1290
32237,Jacksonville,1290
32238,Jacksonville,1290
32239,Jacksonville,1290
32240,Jacksonville,1290
32241,Jacksonville,1290
32244,Jacksonville,1290
32245,Jacksonville,1290
32246,Jacksonville,1290
32247,Jacksonville,1290
32250,Jacksonville,1290
32254,Jacksonville,1290
32255,Jacksonville,1290
32256,Jacksonville,1290
32257,Jacksonville,1290
32258,Jacksonville,1290
32259,Jacksonville,1290
32260,Jacksonville,1290
32266,Jacksonville,1290
32277,Jacksonville,1290
32227,Jacksonville Beach,1290
32240,Jacksonville Beach,1290
32250,Jacksonville Beach,1290
32212,Jacksonville N A S,1290
32212,Jacksonville Naval Air Stati,1290
32214,Jacksonville Naval Hospital,1290
32052,Jasper,1430
32053,Jennings,1430
34957,Jensen Beach,570
34958,Jensen Beach,570
34141,Jerome,535
32669,Jonesville,1290
33880,JPV,755
32259,Julington Creek,1290
33408,Juno Beach,365
33458,Jupiter,485
33468,Jupiter,485
33469,Jupiter,485
33477,Jupiter,485
33478,Jupiter,485
33469,Jupiter Inlet Colony,495
33849,Kathleen,810
34739,Kenansville,715
33156,Kendall,190
33158,Kendall,190
33173,Kendall,190
33176,Kendall,190
33183,Kendall,190
33186,Kendall,190
33193,Kendall,190
33196,Kendall,190
33256,Kendall,190
33283,Kendall,190
33296,Kendall,190
32815,Kennedy Space Center,795
32899,Kennedy Space Center,795
33709,Kenneth City,790
33149,Key Biscayne,190
33051,Key Colony Beach,535
33037,Key Largo,290
33040,Key West,675
33041,Key West,675
33045,Key West,675
33040,Key West Nas,675
33040,Key West Naval Air Station,675
32656,Keystone Heights,1135
33261,Keystone Islands,1135
34740,Killarney,815
32091,Kingsley Lake,1290
34741,Kissimmee,790
34742,Kissimmee,790
34743,Kissimmee,790
34744,Kissimmee,790
34745,Kissimmee,790
34746,Kissimmee,790
34747,Kissimmee,790
34758,Kissimmee,790
34759,Kissimmee,790
33935,La Belle,540
32658,La Crosse,1290
33537,Lacoochee,935
32158,Lady Lake,965
32159,Lady Lake,965
32162,Lady Lake,940
32163,Lady Lake,965
33850,Lake Alfred,755
32830,Lake Buena Vista,790
32054,Lake Butler,1290
32061,Lake Butler,1290
32024,Lake City,1335
32025,Lake City,1335
32055,Lake City,1335
32056,Lake City,1335
33406,Lake Clarke,380
33406,Lake Clarke Shores,380
32157,Lake Como,1100
32160,Lake Geneva,1135
33851,Lake Hamilton,800
33459,Lake Harbor,440
32744,Lake Helen,865
32746,Lake Mary,840
32795,Lake Mary,840
32747,Lake Monroe,870
33538,Lake Panasoffke,935
33403,Lake Park,365
33852,Lake Placid,585
33862,Lake Placid,585
34266,Lake Suzy,665
34269,Lake Suzy,665
33853,Lake Wales,790
33854,Lake Wales,790
33855,Lake Wales,790
33856,Lake Wales,790
33859,Lake Wales,790
33867,Lake Wales,790
33898,Lake Wales,790
33449,Lake Worth,300
33454,Lake Worth,315
33460,Lake Worth,315
33461,Lake Worth,315
33462,Lake Worth,285
33463,Lake Worth,315
33465,Lake Worth,315
33466,Lake Worth,315
33467,Lake Worth,315
33801,Lakeland,790
33802,Lakeland,790
33803,Lakeland,790
33804,Lakeland,790
33805,Lakeland,790
33806,Lakeland,790
33807,Lakeland,790
33809,Lakeland,790
33810,Lakeland,790
33811,Lakeland,790
33812,Lakeland,790
33813,Lakeland,790
33815,Lakeland,790
34202,Lakewood Ranch,795
34203,Lakewood Ranch,795
34211,Lakewood Ranch,795
34212,Lakewood Ranch,795
34240,Lakewood Ranch,740
32336,Lamont,1885
34637,Land O Lakes,915
34638,Land O Lakes,915
34639,Land O Lakes,915
34639,Land O' Lakes,915
33460,Lantana,315
33462,Lantana,290
33465,Lantana,290
33770,Largo,840
33771,Largo,840
33772,Largo,840
33773,Largo,840
33774,Largo,840
33775,Largo,840
33776,Largo,840
33777,Largo,840
33778,Largo,840
33779,Largo,840
33308,Laud By Sea,200
33062,Laud By The Sea,200
33309,Laud Lakes,200
33311,Laud Lakes,200
33313,Laud Lakes,200
33319,Laud Lakes,200
33330,Laud Lakes,200
33319,Lauder Hill,200
33321,Lauder Hill,200
33312,Lauderdale Isles,200
33309,Lauderdale Lakes,200
33311,Lauderdale Lakes,200
33313,Lauderdale Lakes,200
33319,Lauderdale Lakes,200
34272,Laurel,740
32058,Lawtey,1290
33305,Lazy Lake,245
34460,Lecanto,1040
34461,Lecanto,1040
32059,Lee,1440
34748,Leesburg,885
34749,Leesburg,885
34788,Leesburg,885
34789,Leesburg,885
33936,Lehigh,640
33971,Lehigh,640
33972,Lehigh,640
33973,Lehigh,640
33974,Lehigh,540
33976,Lehigh,640
33064,Lighthouse Point,250
33074,Lighthouse Point,250
33547,Lithia,790
33042,Little Torch Key,675
32060,Live Oak,1335
32064,Live Oak,1335
32337,Lloyd,1990
32662,Lochloosa,1090
32810,Lockhart,795
34228,Long Boat Key,825
33001,Long Key,575
32750,Longwood,815
32752,Longwood,815
32779,Longwood,815
32791,Longwood,815
33857,Lorida,590
33858,Loughman,790
32663,Lowell,1090
33042,Lower Sugarloaf Key,675
33470,Loxahatchee,485
33255,Ludlam,190
32061,Lulu,1290
33548,Lutz,840
33549,Lutz,840
33558,Lutz,840
33559,Lutz,840
33042,Lwr Sugarloaf,675
32063,Macclenny,1340
33708,Madeira Beach,840
33738,Madeira Beach,840
32340,Madison,1875
32341,Madison,1875
34771,Magnolia Square,740
32751,Maitland,790
32794,Maitland,790
32950,Malabar,685
33462,Manalapan,290
33550,Mango,290
33050,Marathon,575
33051,Marathon,575
33052,Marathon,575
33050,Marathon Shores,575
33052,Marathon Shores,575
34145,Marco Island,515
34146,Marco Island,515
33063,Margate,245
33065,Margate,245
33068,Margate,245
33073,Margate,245
33076,Margate,245
33093,Margate,245
34604,Masaryktown,990
34753,Mascotte,915
33993,Matlacha,640
33991,Matlacha Isle,640
32234,Maxville,1290
32066,Mayo,1340
32062,Mc Alpin,1340
33166,Medley,190
33178,Medley,190
32901,Melbourne,690
32902,Melbourne,690
32903,Melbourne,690
32904,Melbourne,690
32905,Melbourne,690
32906,Melbourne,690
32907,Melbourne,690
32908,Melbourne,690
32909,Melbourne,690
32910,Melbourne,690
32911,Melbourne,690
32912,Melbourne,690
32919,Melbourne,690
32934,Melbourne,690
32935,Melbourne,690
32936,Melbourne,690
32937,Melbourne,690
32940,Melbourne,690
32941,Melbourne,690
32951,Melbourne,690
32951,Melbourne Bch,690
32951,Melbourne Beach,690
32904,Melbourne Village,715
32666,Melrose,1140
32952,Merritt Island,740
32953,Merritt Island,740
32954,Merritt Island,740
33101,Miami,190
33102,Miami,190
33109,Miami,190
33111,Miami,190
33112,Miami,190
33114,Miami,190
33116,Miami,190
33119,Miami,190
33122,Miami,190
33124,Miami,190
33125,Miami,190
33126,Miami,190
33127,Miami,190
33128,Miami,190
33129,Miami,190
33130,Miami,190
33131,Miami,190
33132,Miami,190
33133,Miami,190
33134,Miami,190
33135,Miami,190
33136,Miami,190
33137,Miami,190
33138,Miami,190
33139,Miami,190
33140,Miami,190
33141,Miami,190
33142,Miami,190
33143,Miami,190
33144,Miami,190
33145,Miami,190
33146,Miami,190
33147,Miami,190
33149,Miami,190
33150,Miami,190
33151,Miami,190
33152,Miami,190
33153,Miami,190
33154,Miami,190
33155,Miami,190
33156,Miami,190
33157,Miami,200
33158,Miami,190
33159,Miami,190
33160,Miami,190
33161,Miami,190
33162,Miami,190
33163,Miami,190
33164,Miami,190
33165,Miami,190
33166,Miami,190
33167,Miami,190
33168,Miami,190
33169,Miami,190
33170,Miami,200
33172,Miami,190
33173,Miami,190
33174,Miami,190
33175,Miami,200
33176,Miami,200
33177,Miami,200
33178,Miami,190
33179,Miami,190
33180,Miami,190
33181,Miami,190
33182,Miami,190
33183,Miami,200
33184,Miami,200
33185,Miami,200
33186,Miami,200
33187,Miami,200
33188,Miami,190
33189,Miami,200
33190,Miami,200
33193,Miami,200
33194,Miami,200
33196,Miami,200
33197,Miami,190
33199,Miami,190
33222,Miami,190
33231,Miami,190
33233,Miami,190
33234,Miami,190
33238,Miami,190
33239,Miami,190
33242,Miami,190
33243,Miami,190
33245,Miami,190
33247,Miami,190
33255,Miami,190
33256,Miami,190
33257,Miami,190
33261,Miami,190
33265,Miami,190
33266,Miami,190
33269,Miami,190
33280,Miami,190
33283,Miami,190
33296,Miami,190
33299,Miami,190
33109,Miami Beach,190
33119,Miami Beach,190
33139,Miami Beach,190
33140,Miami Beach,190
33141,Miami Beach,190
33154,Miami Beach,190
33239,Miami Beach,190
33014,Miami Gardens,190
33015,Miami Gardens,190
33017,Miami Gardens,190
33054,Miami Gardens,190
33055,Miami Gardens,190
33056,Miami Gardens,190
33169,Miami Gardens,190
33179,Miami Gardens,190
33014,Miami Lakes,190
33015,Miami Lakes,190
33016,Miami Lakes,190
33018,Miami Lakes,190
33138,Miami Shores,190
33150,Miami Shores,190
33153,Miami Shores,190
33161,Miami Shores,190
33162,Miami Shores,190
33167,Miami Shores,190
33168,Miami Shores,190
33166,Miami Springs,190
33266,Miami Springs,190
32667,Micanopy,1090
32976,Micco,685
33042,Mid Torch Key,675
32050,Middleburg,1290
32068,Middleburg,1290
32754,Mims,825
34715,Minneola,890
34755,Minneola,840
33023,Miramar,200
33025,Miramar,200
33027,Miramar,200
33028,Miramar,200
33029,Miramar,200
33083,Miramar,200
32550,Miramar Beach,200
33913,Miromar Lakes,640
32344,Monticello,2000
32345,Monticello,2000
34729,Montverde,840
34756,Montverde,840
33471,Moore Haven,535
32668,Morriston,1090
32756,Mount Dora,880
32757,Mount Dora,880
32776,Mount Plymouth,845
33860,Mulberry,780
33938,Murdock,670
34251,Myakka City,755
33856,Nalcrest,740
34101,Naples,520
34102,Naples,520
34103,Naples,520
34104,Naples,520
34105,Naples,520
34106,Naples,520
34107,Naples,520
34108,Naples,640
34109,Naples,640
34110,Naples,640
34112,Naples,520
34113,Naples,520
34114,Naples,520
34116,Naples,520
34117,Naples,520
34119,Naples,520
34120,Naples,520
32266,Neptune Beach,1310
34652,New Port Richey,890
34653,New Port Richey,890
34654,New Port Richey,890
34655,New Port Richey,890
34656,New Port Richey,890
32168,New Smyrna,850
32169,New Smyrna,850
32170,New Smyrna,850
32669,Newberry,1310
33863,Nichols,790
34661,Nobleton,930
34268,Nocatee,710
34274,Nokomis,720
34275,Nokomis,720
32899,North A S A,820
33903,North Fort Myers,640
33917,North Fort Myers,640
33918,North Fort Myers,640
33068,North Lauderdale,250
33309,North Lauderdale,250
33319,North Lauderdale,250
33161,North Miami,190
33162,North Miami,190
33167,North Miami,190
33168,North Miami,190
33169,North Miami,190
33181,North Miami,190
33261,North Miami,190
33160,North Miami Beach,190
33161,North Miami Beach,190
33162,North Miami Beach,190
33169,North Miami Beach,190
33179,North Miami Beach,190
33180,North Miami Beach,190
33181,North Miami Beach,190
33261,North Miami Beach,190
33403,North Palm Beach,370
33408,North Palm Beach,370
33410,North Palm Beach,370
33708,North Redington Beach,855
33624,Northdale,805
33626,Northdale,805
34286,Northport,690
34288,Northport,690
34289,Northport,690
34652,NW Prt Rchy,910
32071,O Brien,1335
32759,Oak Hill,825
34740,Oakland,790
34760,Oakland,790
34787,Oakland,790
33304,Oakland Park,240
33305,Oakland Park,240
33306,Oakland Park,240
33307,Oakland Park,240
33308,Oakland Park,240
33309,Oakland Park,240
33310,Oakland Park,240
33311,Oakland Park,240
33334,Oakland Park,240
34470,Ocala,1035
34471,Ocala,1035
34472,Ocala,1035
34473,Ocala,1035
34474,Ocala,1035
34475,Ocala,1035
34476,Ocala,1035
34477,Ocala,1035
34478,Ocala,1035
34479,Ocala,1035
34480,Ocala,1035
34481,Ocala,1035
34482,Ocala,1035
34483,Ocala,1035
33435,Ocean Ridge,300
32346,Ochlockonee,1910
32346,Ochlockonee Bay,1910
34141,Ochopee,520
32179,Ocklawaha,1075
32183,Ocklawaha,1075
34761,Ocoee,820
33556,Odessa,925
34762,Okahumpka,925
34972,Okeechobee,590
34973,Okeechobee,590
34974,Okeechobee,590
32680,Old Town,1310
34677,Oldsmar,835
32072,Olustee,1350
33165,Olympia Heights,190
33174,Olympia Heights,190
33175,Olympia Heights,190
33184,Olympia Heights,190
33185,Olympia Heights,190
33265,Olympia Heights,190
33865,Ona,735
34264,Oneco,800
33014,Opa Locka,190
33054,Opa Locka,190
33055,Opa Locka,191
33056,Opa Locka,190
32763,Orange City,905
32774,Orange City,905
32681,Orange Lake,1100
32003,Orange Park,1290
32006,Orange Park,1290
32065,Orange Park,1290
32067,Orange Park,1290
32073,Orange Park,1290
32182,Orange Springs,1100
32963,Orchid,670
32801,Orlando,790
32802,Orlando,790
32803,Orlando,790
32804,Orlando,790
32805,Orlando,790
32806,Orlando,790
32807,Orlando,790
32808,Orlando,790
32809,Orlando,790
32810,Orlando,790
32811,Orlando,790
32812,Orlando,790
32814,Orlando,790
32815,Orlando,790
32816,Orlando,790
32817,Orlando,790
32818,Orlando,790
32819,Orlando,790
32820,Orlando,790
32821,Orlando,790
32822,Orlando,790
32824,Orlando,790
32825,Orlando,790
32826,Orlando,790
32827,Orlando,790
32828,Orlando,790
32829,Orlando,790
32830,Orlando,790
32831,Orlando,790
32832,Orlando,790
32833,Orlando,790
32834,Orlando,790
32835,Orlando,790
32836,Orlando,790
32837,Orlando,790
32839,Orlando,790
32853,Orlando,790
32854,Orlando,790
32855,Orlando,790
32856,Orlando,790
32857,Orlando,790
32858,Orlando,790
32859,Orlando,790
32860,Orlando,790
32861,Orlando,790
32862,Orlando,790
32867,Orlando,790
32868,Orlando,790
32869,Orlando,790
32872,Orlando,790
32877,Orlando,790
32878,Orlando,790
32885,Orlando,790
32886,Orlando,790
32887,Orlando,790
32891,Orlando,790
32896,Orlando,790
32897,Orlando,790
32899,Orlando,790
32811,Orlo Vista,790
32173,Ormond Beach,890
32174,Ormond Beach,890
32175,Ormond Beach,890
32176,Ormond Beach,890
34229,Osprey,710
32764,Osteen,900
32683,Otter Creek,1125
32762,Oviedo,830
32765,Oviedo,830
32766,Oviedo,830
34484,Oxford,975
34660,Ozona,845
33476,Pahokee,455
32767,Paisley,915
32177,Palatka,1100
32178,Palatka,1100
32905,Palm Bay,690
32906,Palm Bay,690
32907,Palm Bay,690
32908,Palm Bay,690
32909,Palm Bay,690
32910,Palm Bay,690
32911,Palm Bay,690
33480,Palm Beach,355
33403,Palm Beach Gardens,355
33408,Palm Beach Gardens,355
33410,Palm Beach Gardens,355
33412,Palm Beach Gardens,355
33418,Palm Beach Gardens,355
33420,Palm Beach Gardens,355
33404,Palm Beach Shores,355
34990,Palm City,525
34991,Palm City,525
32135,Palm Coast,1100
32137,Palm Coast,1100
32142,Palm Coast,1100
32143,Palm Coast,1100
32164,Palm Coast,1100
34682,Palm Harbor,875
34683,Palm Harbor,875
34684,Palm Harbor,875
34685,Palm Harbor,875
32940,Palm Shores,690
33406,Palm Springs,365
33461,Palm Springs,315
33015,Palm Springs North,365
33629,Palma Ceia,800
33690,Palma Ceia,800
34209,Palma Sola,800
34280,Palma Sola,800
33944,Palmdale,565
34220,Palmetto,735
34221,Palmetto,735
33157,Palmetto Bay,190
33158,Palmetto Bay,190
33176,Palmetto Bay,190
32346,Panacea,1885
33067,Parkland,250
33073,Parkland,250
33076,Parkland,250
34219,Parrish,735
33706,Pass A Grille,815
33741,Pass A Grille,815
32925,Patrick Air Force Base,825
33026,Pembroke Lakes,200
33009,Pembroke Park,200
33021,Pembroke Park,200
33023,Pembroke Park,200
33019,Pembroke Pines,200
33020,Pembroke Pines,200
33022,Pembroke Pines,200
33023,Pembroke Pines,200
33024,Pembroke Pines,200
33025,Pembroke Pines,200
33026,Pembroke Pines,200
33027,Pembroke Pines,200
33028,Pembroke Pines,200
33029,Pembroke Pines,200
33081,Pembroke Pines,200
33082,Pembroke Pines,200
33083,Pembroke Pines,200
33084,Pembroke Pines,200
33330,Pembroke Pines,200
33331,Pembroke Pines,200
33332,Pembroke Pines,200
33023,Pembroke Pnes,200
33024,Pembroke Pnes,200
33025,Pembroke Pnes,200
33026,Pembroke Pnes,200
33027,Pembroke Pnes,200
33028,Pembroke Pnes,200
33029,Pembroke Pnes,200
33082,Pembroke Pnes,200
33084,Pembroke Pnes,200
32079,Penney Farms,1290
33157,Perrine,200
33170,Perrine,200
33177,Perrine,200
33187,Perrine,200
33189,Perrine,200
33190,Perrine,200
33257,Perrine,200
32347,Perry,1385
32348,Perry,1385
32180,Pierson,1035
32809,Pine Castle,790
32839,Pine Castle,790
32808,Pine Hills,790
32818,Pine Hills,790
34465,Pine Ridge,1035
34278,Pinecraft,190
33156,Pinecrest,190
33256,Pinecrest,190
33945,Pineland,715
33780,Pinellas Park,820
33781,Pinellas Park,820
33782,Pinellas Park,820
32350,Pinetta,1900
33946,Placida,790
33947,Placida,790
33563,Plant City,790
33564,Plant City,790
33565,Plant City,790
33566,Plant City,790
33567,Plant City,790
33311,Plantation,200
33312,Plantation,200
33313,Plantation,200
33317,Plantation,200
33318,Plantation,200
33322,Plantation,200
33323,Plantation,200
33324,Plantation,200
33325,Plantation,200
33326,Plantation,200
33327,Plantation,200
33337,Plantation,200
33388,Plantation,200
33036,Plantation Key,200
33070,Plantation Key,200
32768,Plymouth,840
34758,Poinciana,790
34759,Poinciana,790
33868,Polk City,790
32181,Pomona Park,1035
33060,Pompano Beach,245
33061,Pompano Beach,245
33062,Pompano Beach,245
33063,Pompano Beach,245
33064,Pompano Beach,245
33065,Pompano Beach,245
33066,Pompano Beach,245
33067,Pompano Beach,245
33068,Pompano Beach,245
33069,Pompano Beach,245
33071,Pompano Beach,245
33072,Pompano Beach,245
33073,Pompano Beach,245
33074,Pompano Beach,245
33075,Pompano Beach,245
33076,Pompano Beach,245
33077,Pompano Beach,245
33093,Pompano Beach,245
33097,Pompano Beach,245
32127,Ponce Inlet,915
32004,Ponte Vedra,1290
32081,Ponte Vedra,1290
32082,Ponte Vedra,1290
32920,Port Canaveral,790
33948,Port Charlotte,665
33949,Port Charlotte,665
33952,Port Charlotte,665
33953,Port Charlotte,665
33954,Port Charlotte,665
33980,Port Charlotte,665
33981,Port Charlotte,665
33983,Port Charlotte,665
33316,Port Everglades,000
33132,Port Miami,000
33404,Port of Palm Beach,000
33602,Port of Tampa Bay,000
32123,Port Orange,890
32127,Port Orange,890
32128,Port Orange,890
32129,Port Orange,890
34667,Port Richey,900
34668,Port Richey,900
34669,Port Richey,900
34673,Port Richey,900
34674,Port Richey,900
32927,Port Saint John,770
34952,Port Saint Lucie,640
34953,Port Saint Lucie,565
34983,Port Saint Lucie,645
34984,Port Saint Lucie,640
34985,Port Saint Lucie,640
34986,Port Saint Lucie,590
34987,Port Saint Lucie,590
34988,Port Saint Lucie,590
34992,Port Salerno,520
32927,Port St John,770
33032,Princeton,200
33092,Princeton,200
33950,Punta Gorda,665
33951,Punta Gorda,665
33955,Punta Gorda,665
33980,Punta Gorda,665
33982,Punta Gorda,665
33983,Punta Gorda,665
32185,Putnam Hall,1140
33170,Quail Heights,200
33177,Quail Heights,200
33187,Quail Heights,200
33189,Quail Heights,200
33190,Quail Heights,200
33197,Quail Heights,200
32026,Raiford,1280
32083,Raiford,1280
33042,Ramrod Key,675
33597,Rdg Mnr Est,955
32686,Reddick,1090
33708,Redingtn Shor,840
33708,Redington Bch,840
33708,Redington Beach,840
33708,Redington Shores,840
33031,Redland,200
33032,Redland,200
34747,Reunion,800
33525,Richland,890
33523,Ridge Manor,890
33597,Ridge Manor Estates,945
33867,River Ranch,790
33568,Riverview,840
33569,Riverview,840
33578,Riverview,840
33579,Riverview,840
33403,Riviera Beach,365
33404,Riviera Beach,365
33407,Riviera Beach,365
33410,Riviera Beach,365
33418,Riviera Beach,365
33419,Riviera Beach,365
32955,Rockledge,740
32956,Rockledge,740
32957,Roseland,670
33947,Rotonda West,810
33411,Royal Palm Beach,345
33412,Royal Palm Beach,365
33414,Royal Palm Beach,365
33421,Royal Palm Beach,365
34221,Rubonia,740
33570,Ruskin,845
33571,Ruskin,845
33572,Ruskin,845
33573,Ruskin,845
33575,Ruskin,845
34695,Safety Harbor,840
32080,Saint Augustine,1085
32084,Saint Augustine,1085
32085,Saint Augustine,1085
32086,Saint Augustine,1085
32092,Saint Augustine,1085
32095,Saint Augustine,1085
34769,Saint Cloud,715
34770,Saint Cloud,745
34771,Saint Cloud,745
34772,Saint Cloud,745
34773,Saint Cloud,715
32328,Saint George Island,1890
33956,Saint James City,685
32259,Saint Johns,1285
32260,Saint Johns,1285
33574,Saint Leo,915
34953,Saint Lucie West,640
34983,Saint Lucie West,645
34986,Saint Lucie West,590
34987,Saint Lucie West,590
34988,Saint Lucie West,590
32355,Saint Marks,1890
33706,Saint Pete Bch,840
33706,Saint Pete Beach,840
33707,Saint Pete Beach,840
33736,Saint Pete Beach,840
33701,Saint Petersburg,790
33702,Saint Petersburg,790
33703,Saint Petersburg,790
33704,Saint Petersburg,790
33705,Saint Petersburg,790
33706,Saint Petersburg,790
33707,Saint Petersburg,840
33708,Saint Petersburg,790
33709,Saint Petersburg,790
33710,Saint Petersburg,790
33711,Saint Petersburg,790
33712,Saint Petersburg,790
33713,Saint Petersburg,790
33714,Saint Petersburg,790
33715,Saint Petersburg,790
33716,Saint Petersburg,790
33729,Saint Petersburg,790
33730,Saint Petersburg,790
33731,Saint Petersburg,790
33732,Saint Petersburg,790
33733,Saint Petersburg,790
33734,Saint Petersburg,790
33736,Saint Petersburg,790
33737,Saint Petersburg,790
33738,Saint Petersburg,790
33740,Saint Petersburg,790
33741,Saint Petersburg,790
33742,Saint Petersburg,790
33743,Saint Petersburg,790
33747,Saint Petersburg,790
33784,Saint Petersburg,790
33706,Saint Petersburg Beach,840
32358,Saint Teresa,1890
32356,Salem,1340
32134,Salt Springs,1040
33576,San Antonio,890
32187,San Mateo,1090
32819,Sand Lake,790
32087,Sanderson,1335
32550,Sandestin,1335
32771,Sanford,840
32772,Sanford,840
32773,Sanford,840
33957,Sanibel,660
32615,Santa Fe,1315
34230,Sarasota,735
34231,Sarasota,735
34232,Sarasota,735
34233,Sarasota,735
34234,Sarasota,735
34235,Sarasota,735
34236,Sarasota,735
34237,Sarasota,735
34238,Sarasota,735
34239,Sarasota,735
34240,Sarasota,735
34241,Sarasota,735
34242,Sarasota,735
34243,Sarasota,735
34260,Sarasota,735
34276,Sarasota,735
34277,Sarasota,735
34278,Sarasota,735
32937,Satellite Beach,715
32189,Satsuma,1090
32775,Scottsmoor,830
33308,Sea Ranch Lakes,265
32958,Sebastian,660
32976,Sebastian,660
32978,Sebastian,660
33583,Seffner,815
33584,Seffner,815
33772,Seminole,820
33774,Seminole,820
33775,Seminole,820
33776,Seminole,820
33777,Seminole,820
33778,Seminole,820
32190,Seville,1100
34996,Sewalls Point,525
32357,Shady Grove,1435
34610,Shady Hills,1005
32959,Sharpes,760
34266,Sidell,660
34242,Siesta Key,775
34488,Silver Springs,1030
34489,Silver Springs,1030
33404,Singer Island,1200
32358,Sopchoppy,1885
32776,Sorrento,875
33493,South Bay,345
32119,South Daytona,890
32121,South Daytona,890
32119,South Daytona Bch,890
33912,South Fort Myers,640
33967,South Fort Myers,640
33143,South Miami,190
33146,South Miami,190
33155,South Miami,190
33156,South Miami,190
33173,South Miami,190
33176,South Miami,190
33183,South Miami,190
33243,South Miami,190
33256,South Miami,190
33157,South Miami Heights,190
33480,South Palm Bch,370
33707,South Pasadena,840
33330,Southwest Ranches,200
33331,Southwest Ranches,200
33332,Southwest Ranches,200
32192,Sparr,1150
34604,Spring Hill,990
34606,Spring Hill,990
34607,Spring Hill,990
34608,Spring Hill,990
34609,Spring Hill,990
34610,Spring Hill,990
34611,Spring Hill,990
34613,Spring Hill,990
32091,Starke,1290
32359,Steinhatchee,1340
33040,Stock Island,675
33041,Stock Island,675
34994,Stuart,520
34995,Stuart,520
34996,Stuart,520
34997,Stuart,520
33042,Sugarlf Shrs,640
33042,Sugarloaf,640
33042,Sugarloaf Key,645
33042,Sugarloaf Shrs,640
34491,Summerfield,990
34492,Summerfield,990
33042,Summerland Key,640
33043,Summerland Key,640
33585,Sumterville,985
33586,Sun City,800
33570,Sun City Center,800
33571,Sun City Center,800
33573,Sun City Center,800
33575,Sun City Center,800
33160,Sunny Isl Bch,190
33160,Sunny Isles,190
33160,Sunny Isles Beach,190
33304,Sunrise,200
33313,Sunrise,200
33319,Sunrise,200
33321,Sunrise,200
33322,Sunrise,200
33323,Sunrise,200
33325,Sunrise,200
33326,Sunrise,200
33338,Sunrise,200
33345,Sunrise,200
33351,Sunrise,200
33355,Sunrise,200
33154,Surfside,190
32692,Suwanee,1290
33144,Sweetwater,190
33172,Sweetwater,190
33174,Sweetwater,190
33182,Sweetwater,190
33184,Sweetwater,190
33194,Sweetwater,190
32259,Switzerland,1290
33587,Sydney,800
32301,Tallahassee,1990
32302,Tallahassee,1990
32303,Tallahassee,1990
32304,Tallahassee,1990
32305,Tallahassee,1990
32306,Tallahassee,1990
32307,Tallahassee,1990
32308,Tallahassee,1990
32309,Tallahassee,1990
32310,Tallahassee,1990
32311,Tallahassee,1990
32312,Tallahassee,1990
32313,Tallahassee,1990
32314,Tallahassee,1990
32315,Tallahassee,1990
32316,Tallahassee,1990
32317,Tallahassee,1990
32318,Tallahassee,1990
32395,Tallahassee,1990
32399,Tallahassee,1990
33309,Tamarac,245
33319,Tamarac,245
33320,Tamarac,245
33321,Tamarac,245
33323,Tamarac,245
33351,Tamarac,245
33359,Tamarac,245
33601,Tampa,790
33602,Tampa,790
33603,Tampa,790
33604,Tampa,790
33605,Tampa,790
33606,Tampa,790
33607,Tampa,790
33608,Tampa,790
33609,Tampa,790
33610,Tampa,790
33611,Tampa,790
33612,Tampa,790
33613,Tampa,790
33614,Tampa,790
33615,Tampa,790
33616,Tampa,790
33617,Tampa,790
33618,Tampa,790
33619,Tampa,790
33620,Tampa,790
33621,Tampa,790
33622,Tampa,790
33623,Tampa,790
33624,Tampa,790
33625,Tampa,790
33626,Tampa,790
33629,Tampa,790
33630,Tampa,790
33631,Tampa,790
33633,Tampa,790
33634,Tampa,790
33635,Tampa,790
33637,Tampa,790
33646,Tampa,790
33647,Tampa,790
33650,Tampa,790
33655,Tampa,790
33660,Tampa,790
33661,Tampa,790
33662,Tampa,790
33663,Tampa,790
33664,Tampa,790
33672,Tampa,790
33673,Tampa,790
33674,Tampa,790
33675,Tampa,790
33677,Tampa,790
33679,Tampa,790
33680,Tampa,790
33681,Tampa,790
33682,Tampa,790
33684,Tampa,790
33685,Tampa,790
33686,Tampa,790
33687,Tampa,790
33688,Tampa,790
33689,Tampa,790
33690,Tampa,790
33694,Tampa,790
33647,Tampa Palms,810
32777,Tangerine,935
34688,Tarpon Springs,885
34689,Tarpon Springs,885
34690,Tarpon Springs,885
34691,Tarpon Springs,885
34692,Tarpon Springs,885
32778,Tavares,885
33070,Tavernier,310
33617,Temple Terrace,785
33637,Temple Terrace,785
33687,Temple Terrace,785
33469,Tequesta,515
34250,Terra Ceia,855
32159,The Villages,965
32162,The Villages,965
32163,The Villages,965
33592,Thonotosassa,840
33905,Tice,650
33715,Tierra Verde,860
33664,Time Customer Service Inc,825
32669,Tioga,1290
32780,Titusville,850
32781,Titusville,850
32782,Titusville,850
32783,Titusville,850
32796,Titusville,850
32081,Tn of Nocatee,1300
33615,Town N Country,785
33706,Treasure Island,860
33740,Treasure Island,860
32693,Trenton,1305
33593,Trilby,900
34655,Trinity,895
33162,Uleta,190
33164,Uleta,190
32784,Umatilla,910
32817,Union Park,800
33124,University of Miami,190
33146,University of Miami,190
33620,University of South Florida,790
33606,University of Tampa,790
34201,University Park,795
33042,Upper Sugarloaf Key,675
33594,Valrico,820
33595,Valrico,820
33596,Valrico,820
34284,Venice,675
34285,Venice,675
34286,Venice,680
34287,Venice,680
34288,Venice,675
34289,Venice,675
34290,Venice,675
34291,Venice,680
34292,Venice,675
34293,Venice,675
33960,Venus,605
32960,Vero Beach,665
32961,Vero Beach,665
32962,Vero Beach,665
32963,Vero Beach,665
32964,Vero Beach,665
32965,Vero Beach,665
32966,Vero Beach,605
32967,Vero Beach,665
32968,Vero Beach,665
32969,Vero Beach,665
32940,Viera,760
32955,Viera,760
33436,Village of Golf,295
33157,Village of Palmetto Bay,190
33158,Village of Palmetto Bay,190
33156,Village of Pinecrest,190
33256,Village of Pinecrest,190
33414,Village of Wellington,500
33449,Village of Wellington,500
33470,Village of Wellington,500
33166,Virginia Gardens,190
32970,Wabasso,655
32361,Wacissa,1890
33880,Wahneta,810
32327,Wakulla Springs,1990
32694,Waldo,1150
33873,Wauchula,740
33877,Waverly,740
33597,Webster,955
34606,Weeki Wachee,990
34607,Weeki Wachee,990
34613,Weeki Wachee,990
34614,Weeki Wachee,990
32195,Weirsdale,965
32779,Wekiva Springs,850
32791,Wekiva Springs,850
32193,Welaka,1105
32094,Wellborn,1335
33411,Wellington,300
33414,Wellington,300
33421,Wellington,300
33449,Wellington,300
33467,Wellington,300
33470,Wellington,300
33543,Wesley Chapel,840
33544,Wesley Chapel,840
33545,Wesley Chapel,840
33446,West Delray Beach,280
33448,West Delray Beach,280
33484,West Delray Beach,280
33023,West Hollywood,200
32904,West Melbourne,710
32912,West Melbourne,710
33401,West Palm Beach,360
33402,West Palm Beach,360
33403,West Palm Beach,360
33404,West Palm Beach,360
33405,West Palm Beach,360
33406,West Palm Beach,360
33407,West Palm Beach,360
33408,West Palm Beach,360
33409,West Palm Beach,360
33410,West Palm Beach,360
33411,West Palm Beach,360
33412,West Palm Beach,360
33413,West Palm Beach,360
33414,West Palm Beach,360
33415,West Palm Beach,360
33416,West Palm Beach,360
33417,West Palm Beach,360
33418,West Palm Beach,360
33419,West Palm Beach,360
33420,West Palm Beach,360
33421,West Palm Beach,360
33422,West Palm Beach,360
33470,West Palm Beach,360
33023,West Park,200
33626,Westchase,785
33165,Westchester,200
33326,Weston,200
33327,Weston,200
33331,Weston,200
33332,Weston,200
32096,White Springs,1355
32127,Wilbur by the Sea,915
34785,Wildwood,915
32696,Williston,985
33305,Wilton Manors,260
33306,Wilton Manors,260
33311,Wilton Manors,200
33334,Wilton Manors,200
33598,Wimauma,815
34786,Windermere,790
32971,Winter Beach,675
34777,Winter Garden,790
34778,Winter Garden,790
34787,Winter Garden,790
33880,Winter Haven,790
33881,Winter Haven,790
33882,Winter Haven,790
33883,Winter Haven,790
33884,Winter Haven,790
33885,Winter Haven,790
33888,Winter Haven,790
32789,Winter Park,790
32790,Winter Park,790
32792,Winter Park,790
32793,Winter Park,790
32708,Winter Springs,815
32719,Winter Springs,815
32362,Woodville,1990
32697,Worthington Springs,1310
34797,Yalaha,975
34498,Yankeetown,1100
33605,Ybor City,790
33675,Ybor City,790
34972,Yeehaw,605
32041,Yulee,1340
32097,Yulee,1340
32798,Zellwood,820
33539,Zephyrhills,840
33540,Zephyrhills,840
33541,Zephyrhills,840
33542,Zephyrhills,840
33543,Zephyrhills,840
33544,Zephyrhills,840
33545,Zephyrhills,840
33890,Zolfo Springs,730
